{"1": [0.39580096594874953, 0.3958009659487495, 0.3958009659487496, 0.3958009659487495, 0.3958009659487495, 0.3958009659487496, 0.3958009659487495, 0.3958009659487495, 0.39580096594874953, 0.3958009659487495, 0.39580096594874953, 0.3958009659487495, 0.3958009659487495, 0.3968113309747364, 0.4013212421093651, 0.4126006075744385, 0.43159193833040094, 0.4607692287252319, NaN, NaN], "2": [0.36049715336683397, 0.36049715336683397, 0.36049715336683397, 0.36049715336683397, 0.36049715336683397, 0.36049715336683397, 0.36049715336683397, 0.360497153366834, 0.360497153366834, 0.36049715336683397, 0.36049715336683397, 0.36049715336683397, 0.3605151578872841, 0.36098540405882107, 0.36411441421561547, 0.3726847719011002, 0.3842763153415803, 0.40771737404158553, 0.45202600781062124, NaN], "3": [0.4242156721061766, 0.4242156721061766, 0.4242156721061766, 0.4242156721061769, 0.4242156721061768, 0.42421567210617656, 0.42421567210617667, 0.4242156721061768, 0.4242156721061766, 0.42421567210617644, 0.4242790614606615, 0.425928068418247, 0.42982589330814003, 0.43505621785886894, 0.4419096367398249, 0.4523164313038315, 0.46665187313335604, 0.486384478921887, 0.5187637084252618, NaN], "4": [0.3749203109114044, 0.37492031091140454, 0.37492031091140454, 0.37492031091140454, 0.37492031091140454, 0.37492031091140454, 0.3749203109114044, 0.3749203109114043, 0.3749203109114043, 0.37492031091140443, 0.3749203109114043, 0.37510475152383416, 0.37580114744953047, 0.37871611419424084, 0.3901231971874365, 0.407592810136441, 0.43669698571386484, 0.5551480585738306, NaN, NaN], "5": [0.4217614073749176, 0.4217614073749176, 0.4217614073749176, 0.4217614073749176, 0.42176140737491763, 0.42176140737491763, 0.42176140737491763, 0.4217614073749176, 0.42176140737491763, 0.4217614073749176, 0.42176140737491763, 0.42176140737491763, 0.4223242151700074, 0.42618701823051847, 0.43439631042590643, 0.4465138913676506, 0.47044557174321633, 0.5140709888371642, NaN, NaN], "6": [0.36350924067386836, 0.3635092406738684, 0.36350924067386836, 0.36350924067386836, 0.36350924067386836, 0.36350924067386836, 0.36350924067386836, 0.36350924067386836, 0.36350924067386836, 0.3635092406738684, 0.3635092406738684, 0.3635092406738685, 0.36485794862928905, 0.37050291920650275, 0.38143947158783215, 0.39969091349485414, 0.42375812162399373, 0.466672926873265, 0.5536071519861586, NaN], "7": [0.40038753172603697, 0.400387531726037, 0.400387531726037, 0.40038753172603697, 0.400387531726037, 0.400387531726037, 0.40038753172603697, 0.400387531726037, 0.40038753172603697, 0.4005928562364779, 0.40245205979261395, 0.40608420386090827, 0.4122257432234458, 0.4206804225240494, 0.4318724878329078, 0.4457711666982531, 0.4630992229216567, 0.4884383317008423, 0.5555502353322305, NaN], "8": [0.3699998325900847, 0.3699998325900847, 0.3699998325900847, 0.36999983259008473, 0.36999983259008473, 0.36999983259008473, 0.3699998325900846, 0.3699998325900847, 0.3699998325900847, 0.37149675561923606, 0.37549832098949215, 0.38108457880565894, 0.38853496373122404, 0.39753671894110487, 0.40803460748262665, 0.42159253155870613, 0.44329445509554455, 0.4866910226866585, NaN, NaN], "9": [0.37286071893980105, 0.37286071893980105, 0.37286071893980105, 0.372860718939801, 0.37286071893980116, 0.37286071893980105, 0.37286071893980116, 0.372860718939801, 0.37286071893980105, 0.3732289842340626, 0.37508665958764276, 0.37810398863677, 0.3824263408089064, 0.38789293804718356, 0.3985871534263573, 0.41572881582498133, 0.4394661635219033, 0.47504784578234005, 0.5473575026137623, NaN], "10": [0.389166710739414, 0.389166710739414, 0.389166710739414, 0.389166710739414, 0.389166710739414, 0.38916671073941406, 0.3891667107394141, 0.38916671073941406, 0.389166710739414, 0.38916671073941406, 0.38916671073941406, 0.38965384481693643, 0.3924243602326091, 0.3978747245789732, 0.4047758259065816, 0.4156246225821696, 0.43091240575469447, 0.45518067199635687, 0.49561097250417946, NaN], "All": [0.42485284550841296, 0.4248528455084129, 0.4248528455084132, 0.42485284550841296, 0.42485284550841307, 0.42485284550841296, 0.424852845508413, 0.42485284550841296, 0.4248528455084133, 0.42485284550841307, 0.4255166774173827, 0.42700535337993, 0.4298911496627987, 0.4350562178588687, 0.4419845042076735, 0.4555381170688018, 0.4753219853286227, 0.5551480585738287, NaN, NaN]}